nome_com,SP1,SP2,SP3,SP4,SP5,SP6,SP7,SP8,SP9,SP10,SP11,SP12,SP13,SP14,SP15,SP16,SP17,SP18,SP19,SP20
ABBIATEGRASSO,0.00000000193,0.00000000193,0.00000000193,0.00000000193,0.00000000191,0.00000000191,0.00000000191,0.00000000191,0.00000000201,0.00000000201,0.00000000201,0.00000000201,0.00000000198,0.00000000198,0.00000000198,0.00000000198,0.00000000206,0.00000000206,0.00000000206,0.00000000206
AGRATE BRIANZA,0.00000000142,0.00000000142,0.00000000142,0.00000000142,0.00000000142,0.00000000142,0.00000000142,0.00000000142,0.00000000142,0.00000000142,0.00000000142,0.00000000142,0.00000000142,0.00000000142,0.00000000142,0.00000000142,0.00000000142,0.00000000142,0.00000000142,0.00000000142
ALBAIRATE,3.55E-10,3.55E-10,3.55E-10,3.55E-10,4.34E-10,4.34E-10,4.34E-10,4.34E-10,5.03E-10,5.03E-10,5.03E-10,5.03E-10,4.94E-10,4.94E-10,4.94E-10,4.94E-10,4.85E-10,4.85E-10,4.85E-10,4.85E-10
ARCONATE,1.5E-10,1.5E-10,1.5E-10,1.5E-10,1.5E-10,1.5E-10,1.5E-10,1.5E-10,1.5E-10,1.5E-10,1.5E-10,1.5E-10,1.5E-10,1.5E-10,1.5E-10,1.5E-10,1.5E-10,1.5E-10,1.5E-10,1.5E-10
ARESE,7.49E-10,7.49E-10,7.49E-10,7.49E-10,7.46E-10,7.46E-10,7.46E-10,7.46E-10,6.81E-10,6.81E-10,6.81E-10,6.81E-10,6.69E-10,6.69E-10,6.69E-10,6.69E-10,6.92E-10,6.92E-10,6.92E-10,6.92E-10
ARLUNO,7.44E-10,7.44E-10,7.44E-10,7.44E-10,7.44E-10,7.44E-10,7.44E-10,7.44E-10,7.44E-10,7.44E-10,7.44E-10,7.44E-10,0.00000000156,0.00000000156,0.00000000156,0.00000000156,0.00000000135,0.00000000135,0.00000000135,0.00000000135
ASSAGO,0.000000005,0.000000005,0.000000005,0.000000005,0.00000000508,0.00000000508,0.00000000508,0.00000000508,0.00000000496,0.00000000496,0.00000000496,0.00000000496,0.00000000487,0.00000000487,0.00000000487,0.00000000487,0.00000000443,0.00000000443,0.00000000443,0.00000000443
BARANZATE,5.71E-10,5.71E-10,5.71E-10,5.71E-10,7.02E-10,7.02E-10,7.02E-10,7.02E-10,6.33E-10,6.33E-10,6.33E-10,6.33E-10,0.00000000111,0.00000000111,0.00000000111,0.00000000111,0.000000001,0.000000001,0.000000001,0.000000001
BAREGGIO,0.00000000201,0.00000000201,0.00000000201,0.00000000201,0.00000000202,0.00000000202,0.00000000202,0.00000000202,0.00000000203,0.00000000203,0.00000000203,0.00000000203,0.00000000177,0.00000000177,0.00000000177,0.00000000177,0.00000000134,0.00000000134,0.00000000134,0.00000000134
BASIANO,3.98E-10,3.98E-10,3.98E-10,3.98E-10,3.55E-10,3.55E-10,3.55E-10,3.55E-10,3.24E-10,3.24E-10,3.24E-10,3.24E-10,3.36E-10,3.36E-10,3.36E-10,3.36E-10,2.99E-10,2.99E-10,2.99E-10,2.99E-10
BASIGLIO,0.00000000179,0.00000000179,0.00000000179,0.00000000179,0.00000000183,0.00000000183,0.00000000183,0.00000000183,0.00000000189,0.00000000189,0.00000000189,0.00000000189,0.00000000176,0.00000000176,0.00000000176,0.00000000176,0.00000000168,0.00000000168,0.00000000168,0.00000000168
BELLINZAGO LOMBARDO,0.00000000103,0.00000000103,0.00000000103,0.00000000103,1.81E-10,1.81E-10,1.81E-10,1.81E-10,1.36E-10,1.36E-10,1.36E-10,1.36E-10,1.45E-10,1.45E-10,1.45E-10,1.45E-10,7.23E-11,7.23E-11,7.23E-11,7.23E-11
BERNATE TICINO,7.83E-12,7.83E-12,7.83E-12,7.83E-12,7.83E-12,7.83E-12,7.83E-12,7.83E-12,1.17E-11,1.17E-11,1.17E-11,1.17E-11,1.17E-11,1.17E-11,1.17E-11,1.17E-11,1.17E-11,1.17E-11,1.17E-11,1.17E-11
BINASCO,0.00000000535,0.00000000535,0.00000000535,0.00000000535,0.00000000557,0.00000000557,0.00000000557,0.00000000557,0.00000000507,0.00000000507,0.00000000507,0.00000000507,0.000000005,0.000000005,0.000000005,0.000000005,0.00000000482,0.00000000482,0.00000000482,0.00000000482
BOFFALORA SOPRA TICINO,5.2E-10,5.2E-10,5.2E-10,5.2E-10,5.71E-10,5.71E-10,5.71E-10,5.71E-10,5.57E-10,5.57E-10,5.57E-10,5.57E-10,5.39E-10,5.39E-10,5.39E-10,5.39E-10,4.74E-10,4.74E-10,4.74E-10,4.74E-10
BOLLATE,0.00000000215,0.00000000215,0.00000000215,0.00000000215,0.00000000229,0.00000000229,0.00000000229,0.00000000229,0.0000000022,0.0000000022,0.0000000022,0.0000000022,0.00000000223,0.00000000223,0.00000000223,0.00000000223,0.00000000226,0.00000000226,0.00000000226,0.00000000226
BOVISIO MASCIAGO,0.00000000225,0.00000000225,0.00000000225,0.00000000225,0.00000000225,0.00000000225,0.00000000225,0.00000000225,0.00000000225,0.00000000225,0.00000000225,0.00000000225,0.00000000225,0.00000000225,0.00000000225,0.00000000225,0.00000000225,0.00000000225,0.00000000225,0.00000000225
BRESSO,0.00000000178,0.00000000178,0.00000000178,0.00000000178,0.00000000584,0.00000000584,0.00000000584,0.00000000584,0.00000000354,0.00000000354,0.00000000354,0.00000000354,0.0000000024,0.0000000024,0.0000000024,0.0000000024,0.00000000257,0.00000000257,0.00000000257,0.00000000257
BRUGHERIO,2.33E-10,2.33E-10,2.33E-10,2.33E-10,2.33E-10,2.33E-10,2.33E-10,2.33E-10,2.33E-10,2.33E-10,2.33E-10,2.33E-10,2.33E-10,2.33E-10,2.33E-10,2.33E-10,2.33E-10,2.33E-10,2.33E-10,2.33E-10
BUBBIANO,8.79E-10,8.79E-10,8.79E-10,8.79E-10,8.79E-10,8.79E-10,8.79E-10,8.79E-10,7.71E-10,7.71E-10,7.71E-10,7.71E-10,9.64E-10,9.64E-10,9.64E-10,9.64E-10,6.86E-10,6.86E-10,6.86E-10,6.86E-10
BUCCINASCO,0.00000000359,0.00000000359,0.00000000359,0.00000000359,0.00000000359,0.00000000359,0.00000000359,0.00000000359,0.00000000359,0.00000000359,0.00000000359,0.00000000359,0.00000000348,0.00000000348,0.00000000348,0.00000000348,0.0000000034,0.0000000034,0.0000000034,0.0000000034
BURAGO DI MOLGORA,5.54E-10,5.54E-10,5.54E-10,5.54E-10,5.54E-10,5.54E-10,5.54E-10,5.54E-10,5.54E-10,5.54E-10,5.54E-10,5.54E-10,5.54E-10,5.54E-10,5.54E-10,5.54E-10,5.54E-10,5.54E-10,5.54E-10,5.54E-10
BUSCATE,3.13E-10,3.13E-10,3.13E-10,3.13E-10,3.13E-10,3.13E-10,3.13E-10,3.13E-10,3.13E-10,3.13E-10,3.13E-10,3.13E-10,3.13E-10,3.13E-10,3.13E-10,3.13E-10,3.13E-10,3.13E-10,3.13E-10,3.13E-10
BUSSERO,0.00000000182,0.00000000182,0.00000000182,0.00000000182,0.0000000019,0.0000000019,0.0000000019,0.0000000019,0.0000000021,0.0000000021,0.0000000021,0.0000000021,0.00000000222,0.00000000222,0.00000000222,0.00000000222,0.00000000245,0.00000000245,0.00000000245,0.00000000245
BUSTO ARSIZIO,4.02E-10,4.02E-10,4.02E-10,4.02E-10,4.02E-10,4.02E-10,4.02E-10,4.02E-10,4.02E-10,4.02E-10,4.02E-10,4.02E-10,4.02E-10,4.02E-10,4.02E-10,4.02E-10,4.02E-10,4.02E-10,4.02E-10,4.02E-10
BUSTO GAROLFO,5.03E-10,5.03E-10,5.03E-10,5.03E-10,4.9E-10,4.9E-10,4.9E-10,4.9E-10,5.1E-10,5.1E-10,5.1E-10,5.1E-10,5.28E-10,5.28E-10,5.28E-10,5.28E-10,5.38E-10,5.38E-10,5.38E-10,5.38E-10
CALVIGNASCO,0.0000000014,0.0000000014,0.0000000014,0.0000000014,0.00000000171,0.00000000171,0.00000000171,0.00000000171,0.00000000152,0.00000000152,0.00000000152,0.00000000152,0.00000000171,0.00000000171,0.00000000171,0.00000000171,0.0000000011,0.0000000011,0.0000000011,0.0000000011
CAMBIAGO,1.44E-10,1.44E-10,1.44E-10,1.44E-10,1.44E-10,1.44E-10,1.44E-10,1.44E-10,1.62E-10,1.62E-10,1.62E-10,1.62E-10,0,0,0,0,0,0,0,0
CANEGRATE,4.05E-11,4.05E-11,4.05E-11,4.05E-11,7.21E-11,7.21E-11,7.21E-11,7.21E-11,7.21E-11,7.21E-11,7.21E-11,7.21E-11,4.5E-11,4.5E-11,4.5E-11,4.5E-11,1.4E-10,1.4E-10,1.4E-10,1.4E-10
CAPONAGO,6.22E-10,6.22E-10,6.22E-10,6.22E-10,6.22E-10,6.22E-10,6.22E-10,6.22E-10,6.22E-10,6.22E-10,6.22E-10,6.22E-10,6.22E-10,6.22E-10,6.22E-10,6.22E-10,6.22E-10,6.22E-10,6.22E-10,6.22E-10
CARONNO PERTUSELLA,0.0000000126,0.0000000126,0.0000000126,0.0000000126,0.0000000126,0.0000000126,0.0000000126,0.0000000126,0.0000000126,0.0000000126,0.0000000126,0.0000000126,0.0000000126,0.0000000126,0.0000000126,0.0000000126,0.0000000126,0.0000000126,0.0000000126,0.0000000126
CARPIANO,0.00000000218,0.00000000218,0.00000000218,0.00000000218,0.00000000212,0.00000000212,0.00000000212,0.00000000212,0.00000000179,0.00000000179,0.00000000179,0.00000000179,0.00000000186,0.00000000186,0.00000000186,0.00000000186,0.0000000021,0.0000000021,0.0000000021,0.0000000021
CARUGATE,0.00000000243,0.00000000243,0.00000000243,0.00000000243,0.00000000256,0.00000000256,0.00000000256,0.00000000256,0.00000000259,0.00000000259,0.00000000259,0.00000000259,0.00000000251,0.00000000251,0.00000000251,0.00000000251,0.00000000263,0.00000000263,0.00000000263,0.00000000263
CASALETTO LODIGIANO,0,0,0,0,0,0,0,0,0,0,0,0,0,0,0,0,0,0,0,0
CASALMAIOCCO,0.00000000164,0.00000000164,0.00000000164,0.00000000164,0.00000000164,0.00000000164,0.00000000164,0.00000000164,0.00000000164,0.00000000164,0.00000000164,0.00000000164,0.00000000164,0.00000000164,0.00000000164,0.00000000164,0.00000000164,0.00000000164,0.00000000164,0.00000000164
CASARILE,0.00000000269,0.00000000269,0.00000000269,0.00000000269,0.00000000269,0.00000000269,0.00000000269,0.00000000269,0.00000000269,0.00000000269,0.00000000269,0.00000000269,0.00000000269,0.00000000269,0.00000000269,0.00000000269,0.00000000269,0.00000000269,0.00000000269,0.00000000269
CASOREZZO,6.72E-10,6.72E-10,6.72E-10,6.72E-10,6.83E-10,6.83E-10,6.83E-10,6.83E-10,6.72E-10,6.72E-10,6.72E-10,6.72E-10,7.2E-10,7.2E-10,7.2E-10,7.2E-10,7.42E-10,7.42E-10,7.42E-10,7.42E-10
CASSANO D`ADDA,0.00000000252,0.00000000252,0.00000000252,0.00000000252,0.00000000272,0.00000000272,0.00000000272,0.00000000272,0.00000000266,0.00000000266,0.00000000266,0.00000000266,0.00000000259,0.00000000259,0.00000000259,0.00000000259,0.00000000247,0.00000000247,0.00000000247,0.00000000247
CASSINA DE PECCHI,0.0000000029,0.0000000029,0.0000000029,0.0000000029,0.00000000293,0.00000000293,0.00000000293,0.00000000293,0.00000000292,0.00000000292,0.00000000292,0.00000000292,0.00000000244,0.00000000244,0.00000000244,0.00000000244,0.00000000239,0.00000000239,0.00000000239,0.00000000239
CASSINETTA DI LUGAGNANO,0.00000000121,0.00000000121,0.00000000121,0.00000000121,0.00000000126,0.00000000126,0.00000000126,0.00000000126,0.00000000106,0.00000000106,0.00000000106,0.00000000106,8.93E-10,8.93E-10,8.93E-10,8.93E-10,0.00000000108,0.00000000108,0.00000000108,0.00000000108
CASTANO PRIMO,2.32E-10,2.32E-10,2.32E-10,2.32E-10,2.44E-10,2.44E-10,2.44E-10,2.44E-10,2.47E-10,2.47E-10,2.47E-10,2.47E-10,2.67E-10,2.67E-10,2.67E-10,2.67E-10,2.59E-10,2.59E-10,2.59E-10,2.59E-10
CERNUSCO SUL NAVIGLIO,0.00000000327,0.00000000327,0.00000000327,0.00000000327,0.00000000287,0.00000000287,0.00000000287,0.00000000287,0.00000000285,0.00000000285,0.00000000285,0.00000000285,0.00000000334,0.00000000334,0.00000000334,0.00000000334,0.00000000328,0.00000000328,0.00000000328,0.00000000328
CERRO AL LAMBRO,0.00000000127,0.00000000127,0.00000000127,0.00000000127,0.00000000144,0.00000000144,0.00000000144,0.00000000144,0.00000000157,0.00000000157,0.00000000157,0.00000000157,0.00000000165,0.00000000165,0.00000000165,0.00000000165,0.00000000161,0.00000000161,0.00000000161,0.00000000161
CERRO MAGGIORE,5.09E-10,5.09E-10,5.09E-10,5.09E-10,5.03E-10,5.03E-10,5.03E-10,5.03E-10,4.47E-10,4.47E-10,4.47E-10,4.47E-10,4.78E-10,4.78E-10,4.78E-10,4.78E-10,4.52E-10,4.52E-10,4.52E-10,4.52E-10
CERVIGNANO D`ADDA,0.00000000163,0.00000000163,0.00000000163,0.00000000163,0.00000000163,0.00000000163,0.00000000163,0.00000000163,0.00000000163,0.00000000163,0.00000000163,0.00000000163,0.00000000163,0.00000000163,0.00000000163,0.00000000163,0.00000000163,0.00000000163,0.00000000163,0.00000000163
CESANO BOSCONE,0.00000000431,0.00000000431,0.00000000431,0.00000000431,0.00000000399,0.00000000399,0.00000000399,0.00000000399,0.00000000392,0.00000000392,0.00000000392,0.00000000392,0.00000000427,0.00000000427,0.00000000427,0.00000000427,0.00000000419,0.00000000419,0.00000000419,0.00000000419
CESATE,6.25E-10,6.25E-10,6.25E-10,6.25E-10,5.25E-10,5.25E-10,5.25E-10,5.25E-10,2.6E-10,2.6E-10,2.6E-10,2.6E-10,3.92E-10,3.92E-10,3.92E-10,3.92E-10,3.29E-10,3.29E-10,3.29E-10,3.29E-10
CINISELLO BALSAMO,0.00000000468,0.00000000468,0.00000000468,0.00000000468,0.00000000456,0.00000000456,0.00000000456,0.00000000456,0.00000000449,0.00000000449,0.00000000449,0.00000000449,0.00000000441,0.00000000441,0.00000000441,0.00000000441,0.00000000448,0.00000000448,0.00000000448,0.00000000448
CISLIANO,0.00000000226,0.00000000226,0.00000000226,0.00000000226,0.00000000231,0.00000000231,0.00000000231,0.00000000231,0.00000000226,0.00000000226,0.00000000226,0.00000000226,0.00000000232,0.00000000232,0.00000000232,0.00000000232,0.00000000213,0.00000000213,0.00000000213,0.00000000213
COLOGNO MONZESE,0.00000000474,0.00000000474,0.00000000474,0.00000000474,0.00000000534,0.00000000534,0.00000000534,0.00000000534,0.00000000527,0.00000000527,0.00000000527,0.00000000527,0.00000000536,0.00000000536,0.00000000536,0.00000000536,0.0000000057,0.0000000057,0.0000000057,0.0000000057
COLTURANO,0.00000000209,0.00000000209,0.00000000209,0.00000000209,0.00000000168,0.00000000168,0.00000000168,0.00000000168,0.00000000162,0.00000000162,0.00000000162,0.00000000162,0.00000000195,0.00000000195,0.00000000195,0.00000000195,0.00000000214,0.00000000214,0.00000000214,0.00000000214
COMAZZO,0.00000000145,0.00000000145,0.00000000145,0.00000000145,0.00000000145,0.00000000145,0.00000000145,0.00000000145,0.00000000145,0.00000000145,0.00000000145,0.00000000145,0.00000000145,0.00000000145,0.00000000145,0.00000000145,0.00000000145,0.00000000145,0.00000000145,0.00000000145
CONCOREZZO,0.00000000172,0.00000000172,0.00000000172,0.00000000172,0.00000000172,0.00000000172,0.00000000172,0.00000000172,0.00000000172,0.00000000172,0.00000000172,0.00000000172,0.00000000172,0.00000000172,0.00000000172,0.00000000172,0.00000000172,0.00000000172,0.00000000172,0.00000000172
CORBETTA,0.00000000202,0.00000000202,0.00000000202,0.00000000202,0.00000000191,0.00000000191,0.00000000191,0.00000000191,0.00000000141,0.00000000141,0.00000000141,0.00000000141,0.00000000147,0.00000000147,0.00000000147,0.00000000147,0.00000000207,0.00000000207,0.00000000207,0.00000000207
CORMANO,0.00000000215,0.00000000215,0.00000000215,0.00000000215,0.0000000014,0.0000000014,0.0000000014,0.0000000014,0.00000000143,0.00000000143,0.00000000143,0.00000000143,0.00000000217,0.00000000217,0.00000000217,0.00000000217,0.00000000293,0.00000000293,0.00000000293,0.00000000293
CORNAREDO,0.00000000157,0.00000000157,0.00000000157,0.00000000157,0.00000000153,0.00000000153,0.00000000153,0.00000000153,0.0000000016,0.0000000016,0.0000000016,0.0000000016,0.00000000153,0.00000000153,0.00000000153,0.00000000153,0.00000000131,0.00000000131,0.00000000131,0.00000000131
CORSICO,9.36E-10,9.36E-10,9.36E-10,9.36E-10,0.00000000101,0.00000000101,0.00000000101,0.00000000101,9.92E-10,9.92E-10,9.92E-10,9.92E-10,9.57E-10,9.57E-10,9.57E-10,9.57E-10,9.57E-10,9.57E-10,9.57E-10,9.57E-10
CUGGIONO,0.00000000113,0.00000000113,0.00000000113,0.00000000113,0.00000000134,0.00000000134,0.00000000134,0.00000000134,0.00000000107,0.00000000107,0.00000000107,0.00000000107,5.47E-10,5.47E-10,5.47E-10,5.47E-10,3.97E-10,3.97E-10,3.97E-10,3.97E-10
CUSAGO,0.00000000204,0.00000000204,0.00000000204,0.00000000204,0.00000000225,0.00000000225,0.00000000225,0.00000000225,0.00000000242,0.00000000242,0.00000000242,0.00000000242,0.00000000241,0.00000000241,0.00000000241,0.00000000241,0.00000000248,0.00000000248,0.00000000248,0.00000000248
CUSANO MILANINO,0.00000000671,0.00000000671,0.00000000671,0.00000000671,0.00000000581,0.00000000581,0.00000000581,0.00000000581,0.00000000757,0.00000000757,0.00000000757,0.00000000757,0.00000000702,0.00000000702,0.00000000702,0.00000000702,0.00000000491,0.00000000491,0.00000000491,0.00000000491
DESIO,0.00000000138,0.00000000138,0.00000000138,0.00000000138,0.00000000138,0.00000000138,0.00000000138,0.00000000138,0.00000000138,0.00000000138,0.00000000138,0.00000000138,0.00000000138,0.00000000138,0.00000000138,0.00000000138,0.00000000138,0.00000000138,0.00000000138,0.00000000138
DRESANO,0.00000000161,0.00000000161,0.00000000161,0.00000000161,0.00000000185,0.00000000185,0.00000000185,0.00000000185,0.00000000183,0.00000000183,0.00000000183,0.00000000183,0.00000000176,0.00000000176,0.00000000176,0.00000000176,0.0000000017,0.0000000017,0.0000000017,0.0000000017
GAGGIANO,0.00000000365,0.00000000365,0.00000000365,0.00000000365,0.00000000187,0.00000000187,0.00000000187,0.00000000187,0.00000000178,0.00000000178,0.00000000178,0.00000000178,0.0000000018,0.0000000018,0.0000000018,0.0000000018,0.0000000018,0.0000000018,0.0000000018,0.0000000018
GALGAGNANO,0.00000000179,0.00000000179,0.00000000179,0.00000000179,0.00000000179,0.00000000179,0.00000000179,0.00000000179,0.00000000179,0.00000000179,0.00000000179,0.00000000179,0.00000000179,0.00000000179,0.00000000179,0.00000000179,0.00000000179,0.00000000179,0.00000000179,0.00000000179
GARBAGNATE MILANESE,7.03E-10,7.03E-10,7.03E-10,7.03E-10,6.75E-10,6.75E-10,6.75E-10,6.75E-10,6.41E-10,6.41E-10,6.41E-10,6.41E-10,6.31E-10,6.31E-10,6.31E-10,6.31E-10,5.96E-10,5.96E-10,5.96E-10,5.96E-10
GESSATE,6.1E-11,6.1E-11,6.1E-11,6.1E-11,6.1E-11,6.1E-11,6.1E-11,6.1E-11,3.9E-10,3.9E-10,3.9E-10,3.9E-10,1.99E-10,1.99E-10,1.99E-10,1.99E-10,2.11E-10,2.11E-10,2.11E-10,2.11E-10
GORGONZOLA,2.14E-10,2.14E-10,2.14E-10,2.14E-10,2.14E-10,2.14E-10,2.14E-10,2.14E-10,0.00000000294,0.00000000294,0.00000000294,0.00000000294,0.00000000308,0.00000000308,0.00000000308,0.00000000308,0.00000000329,0.00000000329,0.00000000329,0.00000000329
GREZZAGO,1.88E-10,1.88E-10,1.88E-10,1.88E-10,1.88E-10,1.88E-10,1.88E-10,1.88E-10,1.88E-10,1.88E-10,1.88E-10,1.88E-10,1.88E-10,1.88E-10,1.88E-10,1.88E-10,1.88E-10,1.88E-10,1.88E-10,1.88E-10
GUDO VISCONTI,6.64E-10,6.64E-10,6.64E-10,6.64E-10,8.76E-10,8.76E-10,8.76E-10,8.76E-10,8.89E-10,8.89E-10,8.89E-10,8.89E-10,9.29E-10,9.29E-10,9.29E-10,9.29E-10,8.89E-10,8.89E-10,8.89E-10,8.89E-10
INVERUNO,0.000000001,0.000000001,0.000000001,0.000000001,0.00000000102,0.00000000102,0.00000000102,0.00000000102,9.5E-10,9.5E-10,9.5E-10,9.5E-10,9.39E-10,9.39E-10,9.39E-10,9.39E-10,9.22E-10,9.22E-10,9.22E-10,9.22E-10
INZAGO,0.00000000173,0.00000000173,0.00000000173,0.00000000173,0.0000000018,0.0000000018,0.0000000018,0.0000000018,0.00000000126,0.00000000126,0.00000000126,0.00000000126,0.00000000154,0.00000000154,0.00000000154,0.00000000154,0.00000000175,0.00000000175,0.00000000175,0.00000000175
LACCHIARELLA,0.00000000154,0.00000000154,0.00000000154,0.00000000154,0.00000000186,0.00000000186,0.00000000186,0.00000000186,0.00000000185,0.00000000185,0.00000000185,0.00000000185,0.00000000197,0.00000000197,0.00000000197,0.00000000197,0.00000000197,0.00000000197,0.00000000197,0.00000000197
LAINATE,0.000000001,0.000000001,0.000000001,0.000000001,0.000000001,0.000000001,0.000000001,0.000000001,9.61E-10,9.61E-10,9.61E-10,9.61E-10,0.00000000126,0.00000000126,0.00000000126,0.00000000126,0.00000000125,0.00000000125,0.00000000125,0.00000000125
LANDRIANO,7.05E-10,7.05E-10,7.05E-10,7.05E-10,7.05E-10,7.05E-10,7.05E-10,7.05E-10,7.05E-10,7.05E-10,7.05E-10,7.05E-10,7.05E-10,7.05E-10,7.05E-10,7.05E-10,7.05E-10,7.05E-10,7.05E-10,7.05E-10
LEGNANO,0.00000000113,0.00000000113,0.00000000113,0.00000000113,0.00000000112,0.00000000112,0.00000000112,0.00000000112,0.00000000101,0.00000000101,0.00000000101,0.00000000101,9.93E-10,9.93E-10,9.93E-10,9.93E-10,0.00000000114,0.00000000114,0.00000000114,0.00000000114
LIMBIATE,6.23E-10,6.23E-10,6.23E-10,6.23E-10,6.23E-10,6.23E-10,6.23E-10,6.23E-10,6.23E-10,6.23E-10,6.23E-10,6.23E-10,6.23E-10,6.23E-10,6.23E-10,6.23E-10,6.23E-10,6.23E-10,6.23E-10,6.23E-10
LISCATE,0.00000000167,0.00000000167,0.00000000167,0.00000000167,0.0000000017,0.0000000017,0.0000000017,0.0000000017,0.00000000176,0.00000000176,0.00000000176,0.00000000176,0.00000000179,0.00000000179,0.00000000179,0.00000000179,0.00000000158,0.00000000158,0.00000000158,0.00000000158
LISSONE,9.29E-10,9.29E-10,9.29E-10,9.29E-10,9.29E-10,9.29E-10,9.29E-10,9.29E-10,9.29E-10,9.29E-10,9.29E-10,9.29E-10,9.29E-10,9.29E-10,9.29E-10,9.29E-10,9.29E-10,9.29E-10,9.29E-10,9.29E-10
LOCATE DI TRIULZI,0.00000000273,0.00000000273,0.00000000273,0.00000000273,0.00000000271,0.00000000271,0.00000000271,0.00000000271,0.00000000267,0.00000000267,0.00000000267,0.00000000267,0.00000000276,0.00000000276,0.00000000276,0.00000000276,0.00000000265,0.00000000265,0.00000000265,0.00000000265
LODI,0.00000000657,0.00000000657,0.00000000657,0.00000000657,0.00000000657,0.00000000657,0.00000000657,0.00000000657,0.00000000657,0.00000000657,0.00000000657,0.00000000657,0.00000000657,0.00000000657,0.00000000657,0.00000000657,0.00000000657,0.00000000657,0.00000000657,0.00000000657
LODI VECCHIO,0.00000000483,0.00000000483,0.00000000483,0.00000000483,0.00000000483,0.00000000483,0.00000000483,0.00000000483,0.00000000483,0.00000000483,0.00000000483,0.00000000483,0.00000000483,0.00000000483,0.00000000483,0.00000000483,0.00000000483,0.00000000483,0.00000000483,0.00000000483
LONATE POZZOLO,0.00000000127,0.00000000127,0.00000000127,0.00000000127,0.00000000127,0.00000000127,0.00000000127,0.00000000127,0.00000000127,0.00000000127,0.00000000127,0.00000000127,0.00000000127,0.00000000127,0.00000000127,0.00000000127,0.00000000127,0.00000000127,0.00000000127,0.00000000127
MAGENTA,0.00000000601,0.00000000601,0.00000000601,0.00000000601,0.00000000595,0.00000000595,0.00000000595,0.00000000595,0.00000000599,0.00000000599,0.00000000599,0.00000000599,0.00000000614,0.00000000614,0.00000000614,0.00000000614,0.00000000598,0.00000000598,0.00000000598,0.00000000598
MAGNAGO,6.22E-10,6.22E-10,6.22E-10,6.22E-10,8.34E-10,8.34E-10,8.34E-10,8.34E-10,7.83E-10,7.83E-10,7.83E-10,7.83E-10,7.7E-10,7.7E-10,7.7E-10,7.7E-10,6.73E-10,6.73E-10,6.73E-10,6.73E-10
MARCALLO CON CASONE,0.00000000126,0.00000000126,0.00000000126,0.00000000126,0.0000000011,0.0000000011,0.0000000011,0.0000000011,0.00000000109,0.00000000109,0.00000000109,0.00000000109,0.00000000111,0.00000000111,0.00000000111,0.00000000111,0.0000000011,0.0000000011,0.0000000011,0.0000000011
MASATE,0.00000000117,0.00000000117,0.00000000117,0.00000000117,0.00000000125,0.00000000125,0.00000000125,0.00000000125,0.00000000123,0.00000000123,0.00000000123,0.00000000123,0.0000000012,0.0000000012,0.0000000012,0.0000000012,0.00000000121,0.00000000121,0.00000000121,0.00000000121
MEDIGLIA,0.0000000043,0.0000000043,0.0000000043,0.0000000043,0.00000000458,0.00000000458,0.00000000458,0.00000000458,0.00000000443,0.00000000443,0.00000000443,0.00000000443,0.00000000418,0.00000000418,0.00000000418,0.00000000418,0.00000000424,0.00000000424,0.00000000424,0.00000000424
MELEGNANO,0.00000000316,0.00000000316,0.00000000316,0.00000000316,0.00000000333,0.00000000333,0.00000000333,0.00000000333,0.00000000316,0.00000000316,0.00000000316,0.00000000316,0.00000000288,0.00000000288,0.00000000288,0.00000000288,0.00000000278,0.00000000278,0.00000000278,0.00000000278
MELZO,0.00000000458,0.00000000458,0.00000000458,0.00000000458,0.00000000456,0.00000000456,0.00000000456,0.00000000456,0.00000000439,0.00000000439,0.00000000439,0.00000000439,0.00000000468,0.00000000468,0.00000000468,0.00000000468,0.00000000462,0.00000000462,0.00000000462,0.00000000462
MERLINO,8.48E-10,8.48E-10,8.48E-10,8.48E-10,8.48E-10,8.48E-10,8.48E-10,8.48E-10,8.48E-10,8.48E-10,8.48E-10,8.48E-10,8.48E-10,8.48E-10,8.48E-10,8.48E-10,8.48E-10,8.48E-10,8.48E-10,8.48E-10
MESERO,4.85E-10,4.85E-10,4.85E-10,4.85E-10,4.85E-10,4.85E-10,4.85E-10,4.85E-10,4.8E-10,4.8E-10,4.8E-10,4.8E-10,4.85E-10,4.85E-10,4.85E-10,4.85E-10,4.85E-10,4.85E-10,4.85E-10,4.85E-10
MILANO,0.0000000108,0.0000000111,0.0000000109,0.0000000107,0.000000011,0.0000000115,0.0000000118,0.0000000111,0.0000000109,0.0000000112,0.0000000113,0.0000000111,0.0000000111,0.0000000114,0.0000000115,0.0000000108,0.0000000108,0.000000011,0.0000000112,0.0000000108
MONTANASO LOMBARDO,6.22E-10,6.22E-10,6.22E-10,6.22E-10,6.22E-10,6.22E-10,6.22E-10,6.22E-10,6.22E-10,6.22E-10,6.22E-10,6.22E-10,6.22E-10,6.22E-10,6.22E-10,6.22E-10,6.22E-10,6.22E-10,6.22E-10,6.22E-10
MONZA,0.00000000172,0.00000000172,0.00000000172,0.00000000172,0.00000000172,0.00000000172,0.00000000172,0.00000000172,0.00000000172,0.00000000172,0.00000000172,0.00000000172,0.00000000172,0.00000000172,0.00000000172,0.00000000172,0.00000000172,0.00000000172,0.00000000172,0.00000000172
MORIMONDO,9.51E-10,9.51E-10,9.51E-10,9.51E-10,0.00000000109,0.00000000109,0.00000000109,0.00000000109,0.00000000108,0.00000000108,0.00000000108,0.00000000108,0.00000000135,0.00000000135,0.00000000135,0.00000000135,0.00000000114,0.00000000114,0.00000000114,0.00000000114
MUGGIO`,0.0000000013,0.0000000013,0.0000000013,0.0000000013,0.0000000013,0.0000000013,0.0000000013,0.0000000013,0.0000000013,0.0000000013,0.0000000013,0.0000000013,0.0000000013,0.0000000013,0.0000000013,0.0000000013,0.0000000013,0.0000000013,0.0000000013,0.0000000013
MULAZZANO,0.00000000396,0.00000000396,0.00000000396,0.00000000396,0.00000000396,0.00000000396,0.00000000396,0.00000000396,0.00000000396,0.00000000396,0.00000000396,0.00000000396,0.00000000396,0.00000000396,0.00000000396,0.00000000396,0.00000000396,0.00000000396,0.00000000396,0.00000000396
NERVIANO,0.0000000023,0.0000000023,0.0000000023,0.0000000023,0.00000000224,0.00000000224,0.00000000224,0.00000000224,0.00000000215,0.00000000215,0.00000000215,0.00000000215,0.00000000211,0.00000000211,0.00000000211,0.00000000211,0.00000000204,0.00000000204,0.00000000204,0.00000000204
NOSATE,4E-11,4E-11,4E-11,4E-11,4E-11,4E-11,4E-11,4E-11,4E-11,4E-11,4E-11,4E-11,4E-11,4E-11,4E-11,4E-11,6E-11,6E-11,6E-11,6E-11
NOVA MILANESE,0.00000000256,0.00000000256,0.00000000256,0.00000000256,0.00000000256,0.00000000256,0.00000000256,0.00000000256,0.00000000256,0.00000000256,0.00000000256,0.00000000256,0.00000000256,0.00000000256,0.00000000256,0.00000000256,0.00000000256,0.00000000256,0.00000000256,0.00000000256
NOVATE MILANESE,0.00000000301,0.00000000301,0.00000000301,0.00000000301,0.00000000315,0.00000000315,0.00000000315,0.00000000315,0.00000000308,0.00000000308,0.00000000308,0.00000000308,0.00000000303,0.00000000303,0.00000000303,0.00000000303,0.0000000031,0.0000000031,0.0000000031,0.0000000031
NOVIGLIO,0.00000000166,0.00000000166,0.00000000166,0.00000000166,0.00000000166,0.00000000166,0.00000000166,0.00000000166,0.0000000016,0.0000000016,0.0000000016,0.0000000016,0.00000000175,0.00000000175,0.00000000175,0.00000000175,0.00000000176,0.00000000176,0.00000000176,0.00000000176
OPERA,0.0000000044,0.0000000044,0.0000000044,0.0000000044,0.00000000435,0.00000000435,0.00000000435,0.00000000435,0.00000000436,0.00000000436,0.00000000436,0.00000000436,0.00000000451,0.00000000451,0.00000000451,0.00000000451,0.00000000428,0.00000000428,0.00000000428,0.00000000428
ORIGGIO,0.0000000038,0.0000000038,0.0000000038,0.0000000038,0.0000000038,0.0000000038,0.0000000038,0.0000000038,0.0000000038,0.0000000038,0.0000000038,0.0000000038,0.0000000038,0.0000000038,0.0000000038,0.0000000038,0.0000000038,0.0000000038,0.0000000038,0.0000000038
ORNAGO,0.00000000219,0.00000000219,0.00000000219,0.00000000219,0.00000000219,0.00000000219,0.00000000219,0.00000000219,0.00000000219,0.00000000219,0.00000000219,0.00000000219,0.00000000219,0.00000000219,0.00000000219,0.00000000219,0.00000000219,0.00000000219,0.00000000219,0.00000000219
OSSONA,3.42E-10,3.42E-10,3.42E-10,3.42E-10,3.51E-10,3.51E-10,3.51E-10,3.51E-10,3.33E-10,3.33E-10,3.33E-10,3.33E-10,4.5E-10,4.5E-10,4.5E-10,4.5E-10,4.64E-10,4.64E-10,4.64E-10,4.64E-10
OZZERO,9.43E-10,9.43E-10,9.43E-10,9.43E-10,0.00000000129,0.00000000129,0.00000000129,0.00000000129,0.0000000012,0.0000000012,0.0000000012,0.0000000012,7.93E-10,7.93E-10,7.93E-10,7.93E-10,6.96E-10,6.96E-10,6.96E-10,6.96E-10
PADERNO DUGNANO,0.00000000211,0.00000000211,0.00000000211,0.00000000211,0.00000000484,0.00000000484,0.00000000484,0.00000000484,0.00000000211,0.00000000211,0.00000000211,0.00000000211,0.00000000213,0.00000000213,0.00000000213,0.00000000213,0.00000000205,0.00000000205,0.00000000205,0.00000000205
PANTIGLIATE,0.00000000441,0.00000000441,0.00000000441,0.00000000441,0.0000000046,0.0000000046,0.0000000046,0.0000000046,0.0000000045,0.0000000045,0.0000000045,0.0000000045,0.00000000503,0.00000000503,0.00000000503,0.00000000503,0.00000000524,0.00000000524,0.00000000524,0.00000000524
PARABIAGO,3.69E-10,3.69E-10,3.69E-10,3.69E-10,4.2E-10,4.2E-10,4.2E-10,4.2E-10,2.13E-10,2.13E-10,2.13E-10,2.13E-10,3.07E-10,3.07E-10,3.07E-10,3.07E-10,3.98E-10,3.98E-10,3.98E-10,3.98E-10
PAULLO,0.0000000074,0.0000000074,0.0000000074,0.0000000074,0.00000000736,0.00000000736,0.00000000736,0.00000000736,0.00000000725,0.00000000725,0.00000000725,0.00000000725,0.00000000713,0.00000000713,0.00000000713,0.00000000713,0.00000000719,0.00000000719,0.00000000719,0.00000000719
PERO,0.00000000421,0.00000000421,0.00000000421,0.00000000421,0.00000000397,0.00000000397,0.00000000397,0.00000000397,0.00000000435,0.00000000435,0.00000000435,0.00000000435,0.00000000426,0.00000000426,0.00000000426,0.00000000426,0.00000000452,0.00000000452,0.00000000452,0.00000000452
PESCHIERA BORROMEO,0.00000000309,0.00000000309,0.00000000309,0.00000000309,0.00000000295,0.00000000295,0.00000000295,0.00000000295,0.000000003,0.000000003,0.000000003,0.000000003,0.00000000314,0.00000000314,0.00000000314,0.00000000314,0.0000000033,0.0000000033,0.0000000033,0.0000000033
PESSANO CON BORNAGO,1.19E-11,1.19E-11,1.19E-11,1.19E-11,1.19E-11,1.19E-11,1.19E-11,1.19E-11,8.07E-10,8.07E-10,8.07E-10,8.07E-10,8.31E-10,8.31E-10,8.31E-10,8.31E-10,8.35E-10,8.35E-10,8.35E-10,8.35E-10
PIEVE EMANUELE,0.00000000333,0.00000000333,0.00000000333,0.00000000333,0.00000000365,0.00000000365,0.00000000365,0.00000000365,0.00000000358,0.00000000358,0.00000000358,0.00000000358,0.00000000366,0.00000000366,0.00000000366,0.00000000366,0.00000000363,0.00000000363,0.00000000363,0.00000000363
PIOLTELLO,0.00000000417,0.00000000417,0.00000000417,0.00000000417,0.00000000391,0.00000000391,0.00000000391,0.00000000391,0.00000000374,0.00000000374,0.00000000374,0.00000000374,0.00000000415,0.00000000415,0.00000000415,0.00000000415,0.0000000044,0.0000000044,0.0000000044,0.0000000044
POGLIANO MILANESE,0.00000000109,0.00000000109,0.00000000109,0.00000000109,0.0000000011,0.0000000011,0.0000000011,0.0000000011,0.00000000117,0.00000000117,0.00000000117,0.00000000117,0.00000000136,0.00000000136,0.00000000136,0.00000000136,0.00000000161,0.00000000161,0.00000000161,0.00000000161
POZZO D`ADDA,3.05E-10,3.05E-10,3.05E-10,3.05E-10,3.88E-10,3.88E-10,3.88E-10,3.88E-10,4.06E-10,4.06E-10,4.06E-10,4.06E-10,3.53E-10,3.53E-10,3.53E-10,3.53E-10,3.71E-10,3.71E-10,3.71E-10,3.71E-10
POZZUOLO MARTESANA,0.00000000636,0.00000000636,0.00000000636,0.00000000636,0.00000000884,0.00000000884,0.00000000884,0.00000000884,0.00000000897,0.00000000897,0.00000000897,0.00000000897,0.00000000743,0.00000000743,0.00000000743,0.00000000743,0.00000000638,0.00000000638,0.00000000638,0.00000000638
PREGNANA MILANESE,3.04E-10,3.04E-10,3.04E-10,3.04E-10,3.39E-10,3.39E-10,3.39E-10,3.39E-10,3.52E-10,3.52E-10,3.52E-10,3.52E-10,2.78E-10,2.78E-10,2.78E-10,2.78E-10,1.57E-10,1.57E-10,1.57E-10,1.57E-10
RHO,0.00000000217,0.00000000217,0.00000000217,0.00000000217,0.00000000209,0.00000000209,0.00000000209,0.00000000209,0.00000000205,0.00000000205,0.00000000205,0.00000000205,0.00000000197,0.00000000197,0.00000000197,0.00000000197,0.0000000019,0.0000000019,0.0000000019,0.0000000019
RIVOLTA D`ADDA,5E-10,5E-10,5E-10,5E-10,5E-10,5E-10,5E-10,5E-10,5E-10,5E-10,5E-10,5E-10,5E-10,5E-10,5E-10,5E-10,5E-10,5E-10,5E-10,5E-10
ROBECCHETTO CON INDUNO,0.00000000208,0.00000000208,0.00000000208,0.00000000208,0.00000000207,0.00000000207,0.00000000207,0.00000000207,0.00000000208,0.00000000208,0.00000000208,0.00000000208,0.00000000209,0.00000000209,0.00000000209,0.00000000209,0.00000000211,0.00000000211,0.00000000211,0.00000000211
ROBECCO SUL NAVIGLIO,4.67E-10,4.67E-10,4.67E-10,4.67E-10,5.39E-10,5.39E-10,5.39E-10,5.39E-10,5.77E-10,5.77E-10,5.77E-10,5.77E-10,6.6E-10,6.6E-10,6.6E-10,6.6E-10,6.08E-10,6.08E-10,6.08E-10,6.08E-10
RODANO,0.0000000179,0.0000000179,0.0000000179,0.0000000179,0.0000000179,0.0000000179,0.0000000179,0.0000000179,0.000000018,0.000000018,0.000000018,0.000000018,0.0000000184,0.0000000184,0.0000000184,0.0000000184,0.0000000181,0.0000000181,0.0000000181,0.0000000181
ROSATE,0.00000000223,0.00000000223,0.00000000223,0.00000000223,0.0000000022,0.0000000022,0.0000000022,0.0000000022,0.00000000222,0.00000000222,0.00000000222,0.00000000222,0.00000000218,0.00000000218,0.00000000218,0.00000000218,0.00000000217,0.00000000217,0.00000000217,0.00000000217
ROZZANO,0.00000000713,0.00000000713,0.00000000713,0.00000000713,0.00000000699,0.00000000699,0.00000000699,0.00000000699,0.000000007,0.000000007,0.000000007,0.000000007,0.00000000704,0.00000000704,0.00000000704,0.00000000704,0.00000000707,0.00000000707,0.00000000707,0.00000000707
SAMARATE,0,0,0,0,0,0,0,0,0,0,0,0,0,0,0,0,0,0,0,0
SAN DONATO MILANESE,0.00000000662,0.00000000662,0.00000000662,0.00000000662,0.00000000641,0.00000000641,0.00000000641,0.00000000641,0.00000000642,0.00000000642,0.00000000642,0.00000000642,0.00000000648,0.00000000648,0.00000000648,0.00000000648,0.00000000586,0.00000000586,0.00000000586,0.00000000586
SAN GIORGIO SU LEGNANO,2.87E-10,2.87E-10,2.87E-10,2.87E-10,2.46E-10,2.46E-10,2.46E-10,2.46E-10,2.46E-10,2.46E-10,2.46E-10,2.46E-10,1.8E-10,1.8E-10,1.8E-10,1.8E-10,4.26E-10,4.26E-10,4.26E-10,4.26E-10
SAN GIULIANO MILANESE,0.00000000358,0.00000000358,0.00000000358,0.00000000358,0.0000000038,0.0000000038,0.0000000038,0.0000000038,0.00000000325,0.00000000325,0.00000000325,0.00000000325,0.00000000317,0.00000000317,0.00000000317,0.00000000317,0.00000000311,0.00000000311,0.00000000311,0.00000000311
SAN VITTORE OLONA,0.00000000119,0.00000000119,0.00000000119,0.00000000119,0.00000000167,0.00000000167,0.00000000167,0.00000000167,0.00000000157,0.00000000157,0.00000000157,0.00000000157,0.00000000156,0.00000000156,0.00000000156,0.00000000156,0.00000000138,0.00000000138,0.00000000138,0.00000000138
SAN ZENONE AL LAMBRO,0.00000000139,0.00000000139,0.00000000139,0.00000000139,0.00000000147,0.00000000147,0.00000000147,0.00000000147,0.00000000151,0.00000000151,0.00000000151,0.00000000151,0.00000000142,0.00000000142,0.00000000142,0.00000000142,0.00000000161,0.00000000161,0.00000000161,0.00000000161
SANTO STEFANO TICINO,1.55E-10,1.55E-10,1.55E-10,1.55E-10,1.55E-10,1.55E-10,1.55E-10,1.55E-10,1.55E-10,1.55E-10,1.55E-10,1.55E-10,1.55E-10,1.55E-10,1.55E-10,1.55E-10,1.55E-10,1.55E-10,1.55E-10,1.55E-10
SEDRIANO,0.00000000157,0.00000000157,0.00000000157,0.00000000157,0.00000000192,0.00000000192,0.00000000192,0.00000000192,0.00000000168,0.00000000168,0.00000000168,0.00000000168,0.00000000192,0.00000000192,0.00000000192,0.00000000192,0.00000000214,0.00000000214,0.00000000214,0.00000000214
SEGRATE,0.00000000593,0.00000000593,0.00000000593,0.00000000593,0.00000000614,0.00000000614,0.00000000614,0.00000000614,0.00000000618,0.00000000618,0.00000000618,0.00000000618,0.00000000598,0.00000000598,0.00000000598,0.00000000598,0.00000000588,0.00000000588,0.00000000588,0.00000000588
SENAGO,0.00000000193,0.00000000193,0.00000000193,0.00000000193,0.00000000195,0.00000000195,0.00000000195,0.00000000195,0.00000000207,0.00000000207,0.00000000207,0.00000000207,0.0000000021,0.0000000021,0.0000000021,0.0000000021,0.00000000197,0.00000000197,0.00000000197,0.00000000197
SESTO SAN GIOVANNI,0.0000000062,0.0000000062,0.0000000062,0.0000000062,0.00000000614,0.00000000614,0.00000000614,0.00000000614,0.00000000536,0.00000000536,0.00000000536,0.00000000536,0.00000000514,0.00000000514,0.00000000514,0.00000000514,0.00000000521,0.00000000521,0.00000000521,0.00000000521
SETTALA,0.00000000179,0.00000000179,0.00000000179,0.00000000179,0.00000000185,0.00000000185,0.00000000185,0.00000000185,0.00000000191,0.00000000191,0.00000000191,0.00000000191,0.00000000157,0.00000000157,0.00000000157,0.00000000157,0.00000000164,0.00000000164,0.00000000164,0.00000000164
SETTIMO MILANESE,0.00000000219,0.00000000219,0.00000000219,0.00000000219,0.00000000206,0.00000000206,0.00000000206,0.00000000206,0.00000000186,0.00000000186,0.00000000186,0.00000000186,0.00000000183,0.00000000183,0.00000000183,0.00000000183,0.00000000181,0.00000000181,0.00000000181,0.00000000181
SIZIANO,0.00000000362,0.00000000362,0.00000000362,0.00000000362,0.00000000362,0.00000000362,0.00000000362,0.00000000362,0.00000000362,0.00000000362,0.00000000362,0.00000000362,0.00000000362,0.00000000362,0.00000000362,0.00000000362,0.00000000362,0.00000000362,0.00000000362,0.00000000362
SOLARO,9.74E-11,9.74E-11,9.74E-11,9.74E-11,9.74E-11,9.74E-11,9.74E-11,9.74E-11,9.74E-11,9.74E-11,9.74E-11,9.74E-11,7.79E-11,7.79E-11,7.79E-11,7.79E-11,7.79E-11,7.79E-11,7.79E-11,7.79E-11
SORDIO,0.00000000179,0.00000000179,0.00000000179,0.00000000179,0.00000000179,0.00000000179,0.00000000179,0.00000000179,0.00000000179,0.00000000179,0.00000000179,0.00000000179,0.00000000179,0.00000000179,0.00000000179,0.00000000179,0.00000000179,0.00000000179,0.00000000179,0.00000000179
TAVAZZANO CON VILLAVESCO,0.00000000451,0.00000000451,0.00000000451,0.00000000451,0.00000000451,0.00000000451,0.00000000451,0.00000000451,0.00000000451,0.00000000451,0.00000000451,0.00000000451,0.00000000451,0.00000000451,0.00000000451,0.00000000451,0.00000000451,0.00000000451,0.00000000451,0.00000000451
TREZZANO ROSA,4.61E-11,4.61E-11,4.61E-11,4.61E-11,1.97E-11,1.97E-11,1.97E-11,1.97E-11,4.61E-11,4.61E-11,4.61E-11,4.61E-11,8.55E-11,8.55E-11,8.55E-11,8.55E-11,5.92E-11,5.92E-11,5.92E-11,5.92E-11
TREZZANO SUL NAVIGLIO,0.0000000028,0.0000000028,0.0000000028,0.0000000028,0.00000000296,0.00000000296,0.00000000296,0.00000000296,0.00000000281,0.00000000281,0.00000000281,0.00000000281,0.00000000269,0.00000000269,0.00000000269,0.00000000269,0.00000000292,0.00000000292,0.00000000292,0.00000000292
TREZZO SULL`ADDA,1.4E-11,1.4E-11,1.4E-11,1.4E-11,1.4E-11,1.4E-11,1.4E-11,1.4E-11,1.4E-11,1.4E-11,1.4E-11,1.4E-11,1.4E-11,1.4E-11,1.4E-11,1.4E-11,1.4E-11,1.4E-11,1.4E-11,1.4E-11
TRIBIANO,0.00000000929,0.00000000929,0.00000000929,0.00000000929,0.0000000094,0.0000000094,0.0000000094,0.0000000094,0.00000000858,0.00000000858,0.00000000858,0.00000000858,0.00000000851,0.00000000851,0.00000000851,0.00000000851,0.00000000916,0.00000000916,0.00000000916,0.00000000916
TRUCCAZZANO,0.0000000012,0.0000000012,0.0000000012,0.0000000012,9.75E-10,9.75E-10,9.75E-10,9.75E-10,9.56E-10,9.56E-10,9.56E-10,9.56E-10,7.59E-10,7.59E-10,7.59E-10,7.59E-10,7.25E-10,7.25E-10,7.25E-10,7.25E-10
TURBIGO,0.00000000149,0.00000000149,0.00000000149,0.00000000149,0.00000000162,0.00000000162,0.00000000162,0.00000000162,0.00000000152,0.00000000152,0.00000000152,0.00000000152,0.00000000147,0.00000000147,0.00000000147,0.00000000147,0.00000000144,0.00000000144,0.00000000144,0.00000000144
UBOLDO,2.37E-10,2.37E-10,2.37E-10,2.37E-10,2.37E-10,2.37E-10,2.37E-10,2.37E-10,2.37E-10,2.37E-10,2.37E-10,2.37E-10,2.37E-10,2.37E-10,2.37E-10,2.37E-10,2.37E-10,2.37E-10,2.37E-10,2.37E-10
VANZAGHELLO,0.00000000129,0.00000000129,0.00000000129,0.00000000129,0.00000000129,0.00000000129,0.00000000129,0.00000000129,0.00000000129,0.00000000129,0.00000000129,0.00000000129,0.00000000129,0.00000000129,0.00000000129,0.00000000129,0.00000000129,0.00000000129,0.00000000129,0.00000000129
VANZAGO,3.78E-10,3.78E-10,3.78E-10,3.78E-10,4.08E-10,4.08E-10,4.08E-10,4.08E-10,3.84E-10,3.84E-10,3.84E-10,3.84E-10,4.02E-10,4.02E-10,4.02E-10,4.02E-10,5.64E-10,5.64E-10,5.64E-10,5.64E-10
VAPRIO D`ADDA,0.00000000272,0.00000000272,0.00000000272,0.00000000272,0.00000000298,0.00000000298,0.00000000298,0.00000000298,0.00000000253,0.00000000253,0.00000000253,0.00000000253,0.00000000263,0.00000000263,0.00000000263,0.00000000263,0.00000000259,0.00000000259,0.00000000259,0.00000000259
VAREDO,0.00000000289,0.00000000289,0.00000000289,0.00000000289,0.00000000289,0.00000000289,0.00000000289,0.00000000289,0.00000000289,0.00000000289,0.00000000289,0.00000000289,0.00000000289,0.00000000289,0.00000000289,0.00000000289,0.00000000289,0.00000000289,0.00000000289,0.00000000289
VERMEZZO CON ZELO,0.00000000159,0.00000000159,0.00000000159,0.00000000159,0.0000000015,0.0000000015,0.0000000015,0.0000000015,0.00000000153,0.00000000153,0.00000000153,0.00000000153,0.00000000153,0.00000000153,0.00000000153,0.00000000153,0.00000000152,0.00000000152,0.00000000152,0.00000000152
VERNATE,0.00000000897,0.00000000897,0.00000000897,0.00000000897,0.00000000883,0.00000000883,0.00000000883,0.00000000883,0.00000000877,0.00000000877,0.00000000877,0.00000000877,0.00000000877,0.00000000877,0.00000000877,0.00000000877,0.00000000913,0.00000000913,0.00000000913,0.00000000913
VIDIGULFO,5.53E-10,5.53E-10,5.53E-10,5.53E-10,5.53E-10,5.53E-10,5.53E-10,5.53E-10,5.53E-10,5.53E-10,5.53E-10,5.53E-10,5.53E-10,5.53E-10,5.53E-10,5.53E-10,5.53E-10,5.53E-10,5.53E-10,5.53E-10
VIGNATE,0.00000000246,0.00000000246,0.00000000246,0.00000000246,0.00000000243,0.00000000243,0.00000000243,0.00000000243,0.00000000251,0.00000000251,0.00000000251,0.00000000251,0.00000000274,0.00000000274,0.00000000274,0.00000000274,0.0000000026,0.0000000026,0.0000000026,0.0000000026
VILLA CORTESE,3.72E-10,3.72E-10,3.72E-10,3.72E-10,3.24E-10,3.24E-10,3.24E-10,3.24E-10,3.66E-10,3.66E-10,3.66E-10,3.66E-10,4.5E-10,4.5E-10,4.5E-10,4.5E-10,2.52E-10,2.52E-10,2.52E-10,2.52E-10
VILLASANTA,0.00000000305,0.00000000305,0.00000000305,0.00000000305,0.00000000305,0.00000000305,0.00000000305,0.00000000305,0.00000000305,0.00000000305,0.00000000305,0.00000000305,0.00000000305,0.00000000305,0.00000000305,0.00000000305,0.00000000305,0.00000000305,0.00000000305,0.00000000305
VIMERCATE,0.00000000207,0.00000000207,0.00000000207,0.00000000207,0.00000000207,0.00000000207,0.00000000207,0.00000000207,0.00000000207,0.00000000207,0.00000000207,0.00000000207,0.00000000207,0.00000000207,0.00000000207,0.00000000207,0.00000000207,0.00000000207,0.00000000207,0.00000000207
VIMODRONE,0.00000000499,0.00000000562,0.00000000556,0.00000000569,0.00000000589,0.00000000577,0.00000000595,0.00000000614,0.00000000625,0.00000000611,0.00000000609,0.00000000577,0.00000000549,0.00000000564,0.000000006,0.00000000592,0.0000000054,0.00000000559,0.00000000575,0.00000000564
VITTUONE,0.00000000222,0.00000000222,0.00000000222,0.00000000222,0.00000000219,0.00000000219,0.00000000219,0.00000000219,0.00000000226,0.00000000226,0.00000000226,0.00000000226,0.00000000244,0.00000000244,0.00000000244,0.00000000244,0.0000000028,0.0000000028,0.0000000028,0.0000000028
VIZZOLO PREDABISSI,0.00000000353,0.00000000353,0.00000000353,0.00000000353,0.00000000353,0.00000000353,0.00000000353,0.00000000353,0.0000000039,0.0000000039,0.0000000039,0.0000000039,0.00000000396,0.00000000396,0.00000000396,0.00000000396,0.0000000039,0.0000000039,0.0000000039,0.0000000039
ZELO BUON PERSICO,0.00000000402,0.00000000402,0.00000000402,0.00000000402,0.00000000402,0.00000000402,0.00000000402,0.00000000402,0.00000000402,0.00000000402,0.00000000402,0.00000000402,0.00000000402,0.00000000402,0.00000000402,0.00000000402,0.00000000402,0.00000000402,0.00000000402,0.00000000402
ZIBIDO SAN GIACOMO,0.0000000025,0.0000000025,0.0000000025,0.0000000025,0.00000000249,0.00000000249,0.00000000249,0.00000000249,0.0000000025,0.0000000025,0.0000000025,0.0000000025,0.00000000263,0.00000000263,0.00000000263,0.00000000263,0.00000000264,0.00000000264,0.00000000264,0.00000000264
