month,station,year,prec
1.0,Sant'Angelo Lodigiano,2014.0,106.49999237060547
2.0,Sant'Angelo Lodigiano,2014.0,114.49999237060547
3.0,Sant'Angelo Lodigiano,2014.0,34.900001525878906
4.0,Sant'Angelo Lodigiano,2014.0,110.0
5.0,Sant'Angelo Lodigiano,2014.0,37.30000305175781
6.0,Sant'Angelo Lodigiano,2014.0,60.400001525878906
7.0,Sant'Angelo Lodigiano,2014.0,121.70000457763672
8.0,Sant'Angelo Lodigiano,2014.0,55.70000457763672
9.0,Sant'Angelo Lodigiano,2014.0,22.100000381469727
10.0,Sant'Angelo Lodigiano,2014.0,61.29999923706055
11.0,Sant'Angelo Lodigiano,2014.0,257.8000183105469
12.0,Sant'Angelo Lodigiano,2014.0,44.599998474121094
1.0,Sant'Angelo Lodigiano,2015.0,27.5
2.0,Sant'Angelo Lodigiano,2015.0,103.5999984741211
3.0,Sant'Angelo Lodigiano,2015.0,63.70000076293945
4.0,Sant'Angelo Lodigiano,2015.0,64.4000015258789
5.0,Sant'Angelo Lodigiano,2015.0,75.0999984741211
6.0,Sant'Angelo Lodigiano,2015.0,18.899999618530273
7.0,Sant'Angelo Lodigiano,2015.0,7.0
8.0,Sant'Angelo Lodigiano,2015.0,52.599998474121094
9.0,Sant'Angelo Lodigiano,2015.0,54.20000457763672
10.0,Sant'Angelo Lodigiano,2015.0,65.0
11.0,Sant'Angelo Lodigiano,2015.0,19.0
12.0,Sant'Angelo Lodigiano,2015.0,2.6000001430511475
1.0,Sant'Angelo Lodigiano,2016.0,15.699999809265137
2.0,Sant'Angelo Lodigiano,2016.0,134.79998779296875
3.0,Sant'Angelo Lodigiano,2016.0,46.40000534057617
4.0,Sant'Angelo Lodigiano,2016.0,27.399999618530273
5.0,Sant'Angelo Lodigiano,2016.0,85.0
6.0,Sant'Angelo Lodigiano,2016.0,58.89999771118164
7.0,Sant'Angelo Lodigiano,2016.0,12.100000381469727
8.0,Sant'Angelo Lodigiano,2016.0,56.099998474121094
9.0,Sant'Angelo Lodigiano,2016.0,36.79999923706055
10.0,Sant'Angelo Lodigiano,2016.0,71.30000305175781
11.0,Sant'Angelo Lodigiano,2016.0,46.0
12.0,Sant'Angelo Lodigiano,2016.0,3.200000047683716
1.0,Sant'Angelo Lodigiano,2017.0,0.0
2.0,Sant'Angelo Lodigiano,2017.0,48.900001525878906
3.0,Sant'Angelo Lodigiano,2017.0,25.100000381469727
4.0,Sant'Angelo Lodigiano,2017.0,22.80000114440918
5.0,Sant'Angelo Lodigiano,2017.0,70.5
6.0,Sant'Angelo Lodigiano,2017.0,43.70000076293945
7.0,Sant'Angelo Lodigiano,2017.0,69.5
8.0,Sant'Angelo Lodigiano,2017.0,12.90000057220459
9.0,Sant'Angelo Lodigiano,2017.0,59.500003814697266
10.0,Sant'Angelo Lodigiano,2017.0,0.0
11.0,Sant'Angelo Lodigiano,2017.0,78.0
12.0,Sant'Angelo Lodigiano,2017.0,59.500003814697266
1.0,Sant'Angelo Lodigiano,2018.0,29.599998474121094
2.0,Sant'Angelo Lodigiano,2018.0,36.0
3.0,Sant'Angelo Lodigiano,2018.0,110.50000762939453
4.0,Sant'Angelo Lodigiano,2018.0,64.79999542236328
5.0,Sant'Angelo Lodigiano,2018.0,125.50000762939453
6.0,Sant'Angelo Lodigiano,2018.0,35.400001525878906
7.0,Sant'Angelo Lodigiano,2018.0,36.30000305175781
8.0,Sant'Angelo Lodigiano,2018.0,88.30000305175781
9.0,Sant'Angelo Lodigiano,2018.0,15.09999942779541
10.0,Sant'Angelo Lodigiano,2018.0,119.0999984741211
11.0,Sant'Angelo Lodigiano,2018.0,92.10000610351562
12.0,Sant'Angelo Lodigiano,2018.0,6.600000381469727
