month,station,year,tmax
1.0,Sant'Angelo Lodigiano,2014.0,7.569031715393066
2.0,Sant'Angelo Lodigiano,2014.0,10.225358009338379
3.0,Sant'Angelo Lodigiano,2014.0,17.411291122436523
4.0,Sant'Angelo Lodigiano,2014.0,20.864002227783203
5.0,Sant'Angelo Lodigiano,2014.0,24.748384475708008
6.0,Sant'Angelo Lodigiano,2014.0,29.23299789428711
7.0,Sant'Angelo Lodigiano,2014.0,28.536771774291992
8.0,Sant'Angelo Lodigiano,2014.0,28.170970916748047
9.0,Sant'Angelo Lodigiano,2014.0,26.50966453552246
10.0,Sant'Angelo Lodigiano,2014.0,20.87742042541504
11.0,Sant'Angelo Lodigiano,2014.0,13.98733139038086
12.0,Sant'Angelo Lodigiano,2014.0,7.8690314292907715
1.0,Sant'Angelo Lodigiano,2015.0,8.469354629516602
2.0,Sant'Angelo Lodigiano,2015.0,8.584285736083984
3.0,Sant'Angelo Lodigiano,2015.0,15.727097511291504
4.0,Sant'Angelo Lodigiano,2015.0,20.710002899169922
5.0,Sant'Angelo Lodigiano,2015.0,25.854839324951172
6.0,Sant'Angelo Lodigiano,2015.0,29.982999801635742
7.0,Sant'Angelo Lodigiano,2015.0,34.817413330078125
8.0,Sant'Angelo Lodigiano,2015.0,31.449356079101562
9.0,Sant'Angelo Lodigiano,2015.0,26.15366554260254
10.0,Sant'Angelo Lodigiano,2015.0,18.481613159179688
11.0,Sant'Angelo Lodigiano,2015.0,14.093998908996582
12.0,Sant'Angelo Lodigiano,2015.0,7.667741298675537
1.0,Sant'Angelo Lodigiano,2016.0,7.752902507781982
2.0,Sant'Angelo Lodigiano,2016.0,10.713449478149414
3.0,Sant'Angelo Lodigiano,2016.0,15.869355201721191
4.0,Sant'Angelo Lodigiano,2016.0,22.05733299255371
5.0,Sant'Angelo Lodigiano,2016.0,23.941287994384766
6.0,Sant'Angelo Lodigiano,2016.0,29.463665008544922
7.0,Sant'Angelo Lodigiano,2016.0,32.70580291748047
8.0,Sant'Angelo Lodigiano,2016.0,31.057741165161133
9.0,Sant'Angelo Lodigiano,2016.0,29.569665908813477
10.0,Sant'Angelo Lodigiano,2016.0,18.054195404052734
11.0,Sant'Angelo Lodigiano,2016.0,11.97033405303955
12.0,Sant'Angelo Lodigiano,2016.0,7.010645389556885
1.0,Sant'Angelo Lodigiano,2017.0,6.555807113647461
2.0,Sant'Angelo Lodigiano,2017.0,9.791071891784668
3.0,Sant'Angelo Lodigiano,2017.0,19.149999618530273
4.0,Sant'Angelo Lodigiano,2017.0,21.986665725708008
5.0,Sant'Angelo Lodigiano,2017.0,25.985483169555664
6.0,Sant'Angelo Lodigiano,2017.0,32.42566680908203
7.0,Sant'Angelo Lodigiano,2017.0,32.7419319152832
8.0,Sant'Angelo Lodigiano,2017.0,32.84257507324219
9.0,Sant'Angelo Lodigiano,2017.0,24.486330032348633
10.0,Sant'Angelo Lodigiano,2017.0,21.60419464111328
11.0,Sant'Angelo Lodigiano,2017.0,11.891999244689941
12.0,Sant'Angelo Lodigiano,2017.0,6.827741622924805
1.0,Sant'Angelo Lodigiano,2018.0,8.842903137207031
2.0,Sant'Angelo Lodigiano,2018.0,6.862143039703369
3.0,Sant'Angelo Lodigiano,2018.0,11.040322303771973
4.0,Sant'Angelo Lodigiano,2018.0,21.20899772644043
5.0,Sant'Angelo Lodigiano,2018.0,24.29032325744629
6.0,Sant'Angelo Lodigiano,2018.0,28.850664138793945
7.0,Sant'Angelo Lodigiano,2018.0,31.29387664794922
8.0,Sant'Angelo Lodigiano,2018.0,31.270320892333984
9.0,Sant'Angelo Lodigiano,2018.0,27.27299690246582
10.0,Sant'Angelo Lodigiano,2018.0,20.762258529663086
11.0,Sant'Angelo Lodigiano,2018.0,12.859665870666504
12.0,Sant'Angelo Lodigiano,2018.0,8.118709564208984
