month,station,year,tmin
1.0,Sant'Angelo Lodigiano,2014.0,2.954193353652954
2.0,Sant'Angelo Lodigiano,2014.0,4.2457146644592285
3.0,Sant'Angelo Lodigiano,2014.0,5.615161418914795
4.0,Sant'Angelo Lodigiano,2014.0,9.502331733703613
5.0,Sant'Angelo Lodigiano,2014.0,11.777097702026367
6.0,Sant'Angelo Lodigiano,2014.0,16.663333892822266
7.0,Sant'Angelo Lodigiano,2014.0,17.07451629638672
8.0,Sant'Angelo Lodigiano,2014.0,17.32516098022461
9.0,Sant'Angelo Lodigiano,2014.0,14.318666458129883
10.0,Sant'Angelo Lodigiano,2014.0,11.463549613952637
11.0,Sant'Angelo Lodigiano,2014.0,8.263333320617676
12.0,Sant'Angelo Lodigiano,2014.0,2.879999876022339
1.0,Sant'Angelo Lodigiano,2015.0,-0.010322554968297482
2.0,Sant'Angelo Lodigiano,2015.0,0.13107140362262726
3.0,Sant'Angelo Lodigiano,2015.0,4.391290664672852
4.0,Sant'Angelo Lodigiano,2015.0,7.590332984924316
5.0,Sant'Angelo Lodigiano,2015.0,13.644193649291992
6.0,Sant'Angelo Lodigiano,2015.0,17.216331481933594
7.0,Sant'Angelo Lodigiano,2015.0,21.429031372070312
8.0,Sant'Angelo Lodigiano,2015.0,18.491613388061523
9.0,Sant'Angelo Lodigiano,2015.0,13.533333778381348
10.0,Sant'Angelo Lodigiano,2015.0,9.886773109436035
11.0,Sant'Angelo Lodigiano,2015.0,4.747000217437744
12.0,Sant'Angelo Lodigiano,2015.0,2.34806489944458
1.0,Sant'Angelo Lodigiano,2016.0,-0.24516117572784424
2.0,Sant'Angelo Lodigiano,2016.0,2.6558616161346436
3.0,Sant'Angelo Lodigiano,2016.0,4.178386688232422
4.0,Sant'Angelo Lodigiano,2016.0,8.93166732788086
5.0,Sant'Angelo Lodigiano,2016.0,11.666131019592285
6.0,Sant'Angelo Lodigiano,2016.0,16.378999710083008
7.0,Sant'Angelo Lodigiano,2016.0,18.821290969848633
8.0,Sant'Angelo Lodigiano,2016.0,17.698387145996094
9.0,Sant'Angelo Lodigiano,2016.0,15.37466812133789
10.0,Sant'Angelo Lodigiano,2016.0,9.207740783691406
11.0,Sant'Angelo Lodigiano,2016.0,5.434667110443115
12.0,Sant'Angelo Lodigiano,2016.0,0.08903227001428604
1.0,Sant'Angelo Lodigiano,2017.0,-3.549999952316284
2.0,Sant'Angelo Lodigiano,2017.0,2.757857084274292
3.0,Sant'Angelo Lodigiano,2017.0,5.361935615539551
4.0,Sant'Angelo Lodigiano,2017.0,7.930333137512207
5.0,Sant'Angelo Lodigiano,2017.0,12.765806198120117
6.0,Sant'Angelo Lodigiano,2017.0,17.854331970214844
7.0,Sant'Angelo Lodigiano,2017.0,18.25773811340332
8.0,Sant'Angelo Lodigiano,2017.0,19.153226852416992
9.0,Sant'Angelo Lodigiano,2017.0,13.26233196258545
10.0,Sant'Angelo Lodigiano,2017.0,9.300322532653809
11.0,Sant'Angelo Lodigiano,2017.0,4.460999965667725
12.0,Sant'Angelo Lodigiano,2017.0,-1.1480644941329956
1.0,Sant'Angelo Lodigiano,2018.0,1.8945159912109375
2.0,Sant'Angelo Lodigiano,2018.0,0.6096426844596863
3.0,Sant'Angelo Lodigiano,2018.0,3.325483798980713
4.0,Sant'Angelo Lodigiano,2018.0,10.154000282287598
5.0,Sant'Angelo Lodigiano,2018.0,14.135161399841309
6.0,Sant'Angelo Lodigiano,2018.0,17.68866539001465
7.0,Sant'Angelo Lodigiano,2018.0,19.820966720581055
8.0,Sant'Angelo Lodigiano,2018.0,19.66064453125
9.0,Sant'Angelo Lodigiano,2018.0,15.872664451599121
10.0,Sant'Angelo Lodigiano,2018.0,11.302257537841797
11.0,Sant'Angelo Lodigiano,2018.0,8.069666862487793
12.0,Sant'Angelo Lodigiano,2018.0,0.022903189063072205
