month,station,year,tmin
1.0,Sant'Angelo Lodigiano,2014.0,2.153548240661621
2.0,Sant'Angelo Lodigiano,2014.0,3.5771429538726807
3.0,Sant'Angelo Lodigiano,2014.0,4.819355010986328
4.0,Sant'Angelo Lodigiano,2014.0,8.725000381469727
5.0,Sant'Angelo Lodigiano,2014.0,10.876773834228516
6.0,Sant'Angelo Lodigiano,2014.0,15.673998832702637
7.0,Sant'Angelo Lodigiano,2014.0,16.41290283203125
8.0,Sant'Angelo Lodigiano,2014.0,16.557096481323242
9.0,Sant'Angelo Lodigiano,2014.0,14.153331756591797
10.0,Sant'Angelo Lodigiano,2014.0,11.533872604370117
11.0,Sant'Angelo Lodigiano,2014.0,8.004331588745117
12.0,Sant'Angelo Lodigiano,2014.0,2.192258596420288
1.0,Sant'Angelo Lodigiano,2015.0,-0.22096771001815796
2.0,Sant'Angelo Lodigiano,2015.0,0.5614285469055176
3.0,Sant'Angelo Lodigiano,2015.0,4.302258014678955
4.0,Sant'Angelo Lodigiano,2015.0,7.699666500091553
5.0,Sant'Angelo Lodigiano,2015.0,12.662260055541992
6.0,Sant'Angelo Lodigiano,2015.0,16.83099937438965
7.0,Sant'Angelo Lodigiano,2015.0,21.212261199951172
8.0,Sant'Angelo Lodigiano,2015.0,18.49871063232422
9.0,Sant'Angelo Lodigiano,2015.0,13.883000373840332
10.0,Sant'Angelo Lodigiano,2015.0,9.56064510345459
11.0,Sant'Angelo Lodigiano,2015.0,4.589333534240723
12.0,Sant'Angelo Lodigiano,2015.0,0.7854837775230408
1.0,Sant'Angelo Lodigiano,2016.0,-0.6783870458602905
2.0,Sant'Angelo Lodigiano,2016.0,2.442413568496704
3.0,Sant'Angelo Lodigiano,2016.0,3.8290319442749023
4.0,Sant'Angelo Lodigiano,2016.0,8.960665702819824
5.0,Sant'Angelo Lodigiano,2016.0,10.910967826843262
6.0,Sant'Angelo Lodigiano,2016.0,15.595332145690918
7.0,Sant'Angelo Lodigiano,2016.0,18.309999465942383
8.0,Sant'Angelo Lodigiano,2016.0,17.365161895751953
9.0,Sant'Angelo Lodigiano,2016.0,15.719332695007324
10.0,Sant'Angelo Lodigiano,2016.0,9.004514694213867
11.0,Sant'Angelo Lodigiano,2016.0,4.7913336753845215
12.0,Sant'Angelo Lodigiano,2016.0,-0.2574193775653839
1.0,Sant'Angelo Lodigiano,2017.0,-3.409677028656006
2.0,Sant'Angelo Lodigiano,2017.0,2.382499933242798
3.0,Sant'Angelo Lodigiano,2017.0,5.636128902435303
4.0,Sant'Angelo Lodigiano,2017.0,7.764999866485596
5.0,Sant'Angelo Lodigiano,2017.0,12.093546867370605
6.0,Sant'Angelo Lodigiano,2017.0,17.13399887084961
7.0,Sant'Angelo Lodigiano,2017.0,17.468711853027344
8.0,Sant'Angelo Lodigiano,2017.0,18.44806480407715
9.0,Sant'Angelo Lodigiano,2017.0,12.103668212890625
10.0,Sant'Angelo Lodigiano,2017.0,8.71129035949707
11.0,Sant'Angelo Lodigiano,2017.0,3.3666672706604004
12.0,Sant'Angelo Lodigiano,2017.0,-0.5074192881584167
1.0,Sant'Angelo Lodigiano,2018.0,2.6506447792053223
2.0,Sant'Angelo Lodigiano,2018.0,0.9639284014701843
3.0,Sant'Angelo Lodigiano,2018.0,3.9716126918792725
4.0,Sant'Angelo Lodigiano,2018.0,10.73599910736084
5.0,Sant'Angelo Lodigiano,2018.0,14.073870658874512
6.0,Sant'Angelo Lodigiano,2018.0,17.996000289916992
7.0,Sant'Angelo Lodigiano,2018.0,19.793542861938477
8.0,Sant'Angelo Lodigiano,2018.0,20.034191131591797
9.0,Sant'Angelo Lodigiano,2018.0,16.293664932250977
10.0,Sant'Angelo Lodigiano,2018.0,11.9264497756958
11.0,Sant'Angelo Lodigiano,2018.0,8.021666526794434
12.0,Sant'Angelo Lodigiano,2018.0,0.15032261610031128
