month,station,year,prec
1.0,Sant'Angelo Lodigiano,2014.0,138.1999969482422
2.0,Sant'Angelo Lodigiano,2014.0,146.09999084472656
3.0,Sant'Angelo Lodigiano,2014.0,40.30000305175781
4.0,Sant'Angelo Lodigiano,2014.0,89.00000762939453
5.0,Sant'Angelo Lodigiano,2014.0,46.69999694824219
6.0,Sant'Angelo Lodigiano,2014.0,72.20000457763672
7.0,Sant'Angelo Lodigiano,2014.0,169.1999969482422
8.0,Sant'Angelo Lodigiano,2014.0,66.5999984741211
9.0,Sant'Angelo Lodigiano,2014.0,20.100000381469727
10.0,Sant'Angelo Lodigiano,2014.0,74.9000015258789
11.0,Sant'Angelo Lodigiano,2014.0,321.2000427246094
12.0,Sant'Angelo Lodigiano,2014.0,34.5
1.0,Sant'Angelo Lodigiano,2015.0,45.000003814697266
2.0,Sant'Angelo Lodigiano,2015.0,84.89999389648438
3.0,Sant'Angelo Lodigiano,2015.0,55.499996185302734
4.0,Sant'Angelo Lodigiano,2015.0,73.70000457763672
5.0,Sant'Angelo Lodigiano,2015.0,88.4000015258789
6.0,Sant'Angelo Lodigiano,2015.0,28.80000114440918
7.0,Sant'Angelo Lodigiano,2015.0,19.200000762939453
8.0,Sant'Angelo Lodigiano,2015.0,75.79999542236328
9.0,Sant'Angelo Lodigiano,2015.0,70.4000015258789
10.0,Sant'Angelo Lodigiano,2015.0,94.39999389648438
11.0,Sant'Angelo Lodigiano,2015.0,7.100000381469727
12.0,Sant'Angelo Lodigiano,2015.0,1.8000000715255737
1.0,Sant'Angelo Lodigiano,2016.0,21.899999618530273
2.0,Sant'Angelo Lodigiano,2016.0,126.49999237060547
3.0,Sant'Angelo Lodigiano,2016.0,55.60000228881836
4.0,Sant'Angelo Lodigiano,2016.0,18.299999237060547
5.0,Sant'Angelo Lodigiano,2016.0,131.6999969482422
6.0,Sant'Angelo Lodigiano,2016.0,89.60000610351562
7.0,Sant'Angelo Lodigiano,2016.0,20.799999237060547
8.0,Sant'Angelo Lodigiano,2016.0,74.5999984741211
9.0,Sant'Angelo Lodigiano,2016.0,26.19999885559082
10.0,Sant'Angelo Lodigiano,2016.0,78.60000610351562
11.0,Sant'Angelo Lodigiano,2016.0,61.69999694824219
12.0,Sant'Angelo Lodigiano,2016.0,1.3000000715255737
1.0,Sant'Angelo Lodigiano,2017.0,0.0
2.0,Sant'Angelo Lodigiano,2017.0,45.599998474121094
3.0,Sant'Angelo Lodigiano,2017.0,38.5
4.0,Sant'Angelo Lodigiano,2017.0,43.60000228881836
5.0,Sant'Angelo Lodigiano,2017.0,62.10000228881836
6.0,Sant'Angelo Lodigiano,2017.0,136.3000030517578
7.0,Sant'Angelo Lodigiano,2017.0,50.70000457763672
8.0,Sant'Angelo Lodigiano,2017.0,21.0
9.0,Sant'Angelo Lodigiano,2017.0,88.89999389648438
10.0,Sant'Angelo Lodigiano,2017.0,0.0
11.0,Sant'Angelo Lodigiano,2017.0,81.80000305175781
12.0,Sant'Angelo Lodigiano,2017.0,68.4000015258789
1.0,Sant'Angelo Lodigiano,2018.0,35.400001525878906
2.0,Sant'Angelo Lodigiano,2018.0,30.600004196166992
3.0,Sant'Angelo Lodigiano,2018.0,90.70001220703125
4.0,Sant'Angelo Lodigiano,2018.0,78.30000305175781
5.0,Sant'Angelo Lodigiano,2018.0,140.59999084472656
6.0,Sant'Angelo Lodigiano,2018.0,34.900001525878906
7.0,Sant'Angelo Lodigiano,2018.0,63.500003814697266
8.0,Sant'Angelo Lodigiano,2018.0,78.69999694824219
9.0,Sant'Angelo Lodigiano,2018.0,16.200000762939453
10.0,Sant'Angelo Lodigiano,2018.0,171.8000030517578
11.0,Sant'Angelo Lodigiano,2018.0,109.29999542236328
12.0,Sant'Angelo Lodigiano,2018.0,4.5
