month,station,year,tmax
1.0,Sant'Angelo Lodigiano,2014.0,8.077096939086914
2.0,Sant'Angelo Lodigiano,2014.0,10.200356483459473
3.0,Sant'Angelo Lodigiano,2014.0,17.327741622924805
4.0,Sant'Angelo Lodigiano,2014.0,20.237667083740234
5.0,Sant'Angelo Lodigiano,2014.0,23.516775131225586
6.0,Sant'Angelo Lodigiano,2014.0,28.342662811279297
7.0,Sant'Angelo Lodigiano,2014.0,27.943227767944336
8.0,Sant'Angelo Lodigiano,2014.0,27.325483322143555
9.0,Sant'Angelo Lodigiano,2014.0,25.462663650512695
10.0,Sant'Angelo Lodigiano,2014.0,20.789352416992188
11.0,Sant'Angelo Lodigiano,2014.0,14.389667510986328
12.0,Sant'Angelo Lodigiano,2014.0,9.069998741149902
1.0,Sant'Angelo Lodigiano,2015.0,10.177419662475586
2.0,Sant'Angelo Lodigiano,2015.0,9.23749828338623
3.0,Sant'Angelo Lodigiano,2015.0,15.375483512878418
4.0,Sant'Angelo Lodigiano,2015.0,19.82966423034668
5.0,Sant'Angelo Lodigiano,2015.0,24.45806312561035
6.0,Sant'Angelo Lodigiano,2015.0,29.312665939331055
7.0,Sant'Angelo Lodigiano,2015.0,34.20613098144531
8.0,Sant'Angelo Lodigiano,2015.0,30.84774398803711
9.0,Sant'Angelo Lodigiano,2015.0,24.62333106994629
10.0,Sant'Angelo Lodigiano,2015.0,18.557092666625977
11.0,Sant'Angelo Lodigiano,2015.0,14.889662742614746
12.0,Sant'Angelo Lodigiano,2015.0,10.28870964050293
1.0,Sant'Angelo Lodigiano,2016.0,8.700000762939453
2.0,Sant'Angelo Lodigiano,2016.0,10.818275451660156
3.0,Sant'Angelo Lodigiano,2016.0,14.86580753326416
4.0,Sant'Angelo Lodigiano,2016.0,20.770668029785156
5.0,Sant'Angelo Lodigiano,2016.0,22.59548568725586
6.0,Sant'Angelo Lodigiano,2016.0,27.752660751342773
7.0,Sant'Angelo Lodigiano,2016.0,31.709352493286133
8.0,Sant'Angelo Lodigiano,2016.0,29.7670955657959
9.0,Sant'Angelo Lodigiano,2016.0,28.153667449951172
10.0,Sant'Angelo Lodigiano,2016.0,18.04258155822754
11.0,Sant'Angelo Lodigiano,2016.0,12.149332046508789
12.0,Sant'Angelo Lodigiano,2016.0,9.739031791687012
1.0,Sant'Angelo Lodigiano,2017.0,7.26548433303833
2.0,Sant'Angelo Lodigiano,2017.0,10.807143211364746
3.0,Sant'Angelo Lodigiano,2017.0,17.948383331298828
4.0,Sant'Angelo Lodigiano,2017.0,20.94966697692871
5.0,Sant'Angelo Lodigiano,2017.0,24.747098922729492
6.0,Sant'Angelo Lodigiano,2017.0,29.96666717529297
7.0,Sant'Angelo Lodigiano,2017.0,30.869678497314453
8.0,Sant'Angelo Lodigiano,2017.0,32.98612594604492
9.0,Sant'Angelo Lodigiano,2017.0,23.591665267944336
10.0,Sant'Angelo Lodigiano,2017.0,21.27161407470703
11.0,Sant'Angelo Lodigiano,2017.0,12.728331565856934
12.0,Sant'Angelo Lodigiano,2017.0,8.608064651489258
1.0,Sant'Angelo Lodigiano,2018.0,9.599030494689941
2.0,Sant'Angelo Lodigiano,2018.0,6.827857494354248
3.0,Sant'Angelo Lodigiano,2018.0,10.703548431396484
4.0,Sant'Angelo Lodigiano,2018.0,20.696332931518555
5.0,Sant'Angelo Lodigiano,2018.0,23.60419273376465
6.0,Sant'Angelo Lodigiano,2018.0,27.975666046142578
7.0,Sant'Angelo Lodigiano,2018.0,30.22322654724121
8.0,Sant'Angelo Lodigiano,2018.0,30.429035186767578
9.0,Sant'Angelo Lodigiano,2018.0,26.573999404907227
10.0,Sant'Angelo Lodigiano,2018.0,20.619029998779297
11.0,Sant'Angelo Lodigiano,2018.0,12.837998390197754
12.0,Sant'Angelo Lodigiano,2018.0,9.001288414001465
